ID,Jenis Komoditas,Luas Lahan (ha),Produksi (ton),Jumlah Ternak (ekor),Berat Rata-rata Ternak (kg),Umur Panen (hari)
1,Sapi,0.0,0.0,769,391.3,0
2,Kedelai,0.96,5.24,0,0.0,114
3,Jagung,0.64,1.84,0,0.0,94
4,Sapi,0.0,0.0,584,379.8,0
5,Ayam Petelur,0.0,0.0,235,1.95,150
6,Padi,3.91,12.27,0,0.0,107
7,Padi,1.47,8.16,0,0.0,86
8,Padi,2.12,8.22,0,0.0,96
9,Ayam Petelur,0.0,0.0,559,1.62,150
10,Sapi,0.0,0.0,575,394.0,0
11,Ayam Pedaging,0.0,0.0,601,1.69,0
12,Kedelai,1.53,5.6,0,0.0,85
13,Sapi,0.0,0.0,399,391.7,0
14,Ayam Pedaging,0.0,0.0,176,1.87,0
15,Jagung,3.66,19.16,0,0.0,84
16,Kambing,0.0,0.0,556,51.9,0
17,Jagung,1.71,10.6,0,0.0,115
18,Jagung,4.29,24.04,0,0.0,94
19,Ayam Pedaging,0.0,0.0,420,1.77,0
20,Kedelai,4.44,16.69,0,0.0,111
21,Kedelai,2.56,9.11,0,0.0,95
22,Ayam Pedaging,0.0,0.0,774,2.08,0
23,Ayam Petelur,0.0,0.0,380,1.72,150
24,Ayam Petelur,0.0,0.0,103,2.26,150
25,Kambing,0.0,0.0,652,34.8,0
26,Sapi,0.0,0.0,404,407.2,0
27,Ayam Pedaging,0.0,0.0,576,2.36,0
28,Kedelai,1.02,6.16,0,0.0,97
29,Ayam Pedaging,0.0,0.0,124,1.79,0
30,Padi,4.79,28.76,0,0.0,96
31,Kambing,0.0,0.0,529,57.4,0
32,Ayam Pedaging,0.0,0.0,871,2.14,0
33,Kambing,0.0,0.0,392,52.9,0
34,Sapi,0.0,0.0,623,398.6,0
35,Jagung,4.45,25.93,0,0.0,99
36,Padi,4.45,27.98,0,0.0,85
37,Sapi,0.0,0.0,788,429.9,0
38,Kedelai,2.64,12.41,0,0.0,96
39,Ayam Petelur,0.0,0.0,997,1.71,150
40,Kambing,0.0,0.0,740,39.4,0
41,Ayam Pedaging,0.0,0.0,458,2.4,0
42,Padi,1.51,5.82,0,0.0,117
43,Kambing,0.0,0.0,17,32.1,0
44,Kambing,0.0,0.0,79,57.2,0
45,Sapi,0.0,0.0,536,385.7,0
46,Kambing,0.0,0.0,562,34.0,0
47,Ayam Petelur,0.0,0.0,258,2.28,150
48,Kambing,0.0,0.0,106,32.9,0
49,Jagung,2.35,14.0,0,0.0,83
50,Sapi,0.0,0.0,72,410.4,0
51,Padi,1.62,5.28,0,0.0,108
52,Padi,1.75,6.12,0,0.0,84
53,Kedelai,0.94,4.8,0,0.0,114
54,Sapi,0.0,0.0,958,463.0,0
55,Jagung,2.69,9.02,0,0.0,105
56,Kambing,0.0,0.0,398,30.1,0
57,Jagung,1.78,9.41,0,0.0,115
58,Ayam Petelur,0.0,0.0,168,1.69,150
59,Padi,3.11,14.52,0,0.0,100
60,Kedelai,2.65,16.37,0,0.0,113
61,Kedelai,0.86,2.79,0,0.0,118
62,Padi,2.32,14.54,0,0.0,116
63,Kedelai,0.68,1.92,0,0.0,117
64,Ayam Pedaging,0.0,0.0,967,1.76,0
65,Ayam Pedaging,0.0,0.0,254,1.77,0
66,Kedelai,1.85,6.96,0,0.0,84
67,Kedelai,4.99,32.36,0,0.0,84
68,Ayam Pedaging,0.0,0.0,145,2.43,0
69,Kambing,0.0,0.0,388,38.5,0
70,Kedelai,3.67,18.15,0,0.0,113
71,Kedelai,1.85,9.53,0,0.0,88
72,Padi,3.84,11.99,0,0.0,98
73,Ayam Pedaging,0.0,0.0,218,2.19,0
74,Ayam Petelur,0.0,0.0,267,2.41,150
75,Sapi,0.0,0.0,659,413.5,0
76,Padi,2.0,6.05,0,0.0,96
77,Jagung,2.98,12.55,0,0.0,80
78,Kedelai,4.57,21.4,0,0.0,103
79,Kambing,0.0,0.0,450,33.8,0
80,Padi,4.55,15.2,0,0.0,95
81,Ayam Pedaging,0.0,0.0,808,2.06,0
82,Kambing,0.0,0.0,957,57.9,0
83,Kambing,0.0,0.0,912,42.4,0
84,Jagung,4.02,16.67,0,0.0,95
85,Kedelai,0.99,5.93,0,0.0,110
86,Jagung,2.07,11.97,0,0.0,94
87,Kedelai,1.37,5.22,0,0.0,84
88,Ayam Pedaging,0.0,0.0,369,2.14,0
89,Kedelai,1.99,5.19,0,0.0,96
90,Jagung,0.67,3.27,0,0.0,102
91,Ayam Pedaging,0.0,0.0,456,2.11,0
92,Ayam Petelur,0.0,0.0,931,2.08,150
93,Kedelai,2.46,11.27,0,0.0,114
94,Kambing,0.0,0.0,382,42.9,0
95,Ayam Pedaging,0.0,0.0,648,1.81,0
96,Ayam Pedaging,0.0,0.0,529,1.81,0
97,Jagung,3.64,17.17,0,0.0,92
98,Jagung,3.55,21.69,0,0.0,119
99,Ayam Petelur,0.0,0.0,571,2.33,150
100,Padi,2.43,11.71,0,0.0,100
101,Jagung,3.54,16.09,0,0.0,90
102,Ayam Pedaging,0.0,0.0,537,2.16,0
103,Sapi,0.0,0.0,848,492.8,0
104,Jagung,1.51,4.98,0,0.0,81
105,Jagung,3.25,18.12,0,0.0,109
106,Kedelai,3.09,16.6,0,0.0,104
107,Padi,1.16,6.09,0,0.0,86
108,Kambing,0.0,0.0,190,54.1,0
109,Ayam Petelur,0.0,0.0,61,2.06,150
110,Sapi,0.0,0.0,477,370.0,0
111,Kedelai,4.95,24.16,0,0.0,108
112,Ayam Petelur,0.0,0.0,860,2.41,150
113,Padi,3.85,16.93,0,0.0,96
114,Ayam Pedaging,0.0,0.0,794,2.28,0
115,Padi,1.74,4.89,0,0.0,98
116,Jagung,1.94,9.04,0,0.0,88
117,Jagung,3.62,19.28,0,0.0,84
118,Jagung,2.94,12.24,0,0.0,93
119,Ayam Petelur,0.0,0.0,936,2.27,150
120,Sapi,0.0,0.0,887,482.1,0
121,Ayam Petelur,0.0,0.0,16,2.44,150
122,Jagung,4.34,27.4,0,0.0,106
123,Kambing,0.0,0.0,509,36.6,0
124,Padi,2.25,11.64,0,0.0,105
125,Ayam Petelur,0.0,0.0,951,1.63,150
126,Sapi,0.0,0.0,938,409.1,0
127,Sapi,0.0,0.0,95,446.4,0
128,Jagung,1.32,4.67,0,0.0,100
129,Jagung,2.02,12.16,0,0.0,97
130,Ayam Petelur,0.0,0.0,268,2.33,150
131,Kedelai,2.93,19.04,0,0.0,102
132,Padi,4.02,20.53,0,0.0,81
133,Kambing,0.0,0.0,869,30.6,0
134,Padi,2.63,7.78,0,0.0,93
135,Jagung,3.95,12.53,0,0.0,118
136,Sapi,0.0,0.0,806,472.9,0
137,Sapi,0.0,0.0,602,353.9,0
138,Kedelai,4.59,18.37,0,0.0,92
139,Kedelai,4.24,14.72,0,0.0,99
140,Sapi,0.0,0.0,825,497.6,0
141,Ayam Pedaging,0.0,0.0,555,1.93,0
142,Kedelai,3.41,8.7,0,0.0,106
143,Sapi,0.0,0.0,453,494.1,0
144,Ayam Petelur,0.0,0.0,734,1.65,150
145,Kedelai,4.84,17.33,0,0.0,114
146,Ayam Petelur,0.0,0.0,456,2.33,150
147,Ayam Pedaging,0.0,0.0,882,1.75,0
148,Ayam Pedaging,0.0,0.0,912,1.95,0
149,Ayam Petelur,0.0,0.0,354,1.53,150
150,Kambing,0.0,0.0,509,36.4,0
151,Ayam Pedaging,0.0,0.0,296,2.38,0
152,Ayam Pedaging,0.0,0.0,579,1.51,0
153,Sapi,0.0,0.0,257,458.0,0
154,Padi,3.61,18.35,0,0.0,111
155,Padi,0.92,3.12,0,0.0,95
156,Kedelai,2.16,10.18,0,0.0,102
157,Kedelai,2.98,11.64,0,0.0,109
158,Jagung,1.54,8.29,0,0.0,100
159,Kedelai,4.78,25.15,0,0.0,92
160,Jagung,1.74,8.45,0,0.0,113
161,Sapi,0.0,0.0,862,379.1,0
162,Padi,1.86,9.92,0,0.0,88
163,Padi,2.99,15.82,0,0.0,88
164,Ayam Petelur,0.0,0.0,115,2.37,150
165,Ayam Petelur,0.0,0.0,500,1.94,150
166,Padi,1.64,9.75,0,0.0,87
167,Ayam Petelur,0.0,0.0,513,1.57,150
168,Sapi,0.0,0.0,165,372.4,0
169,Ayam Pedaging,0.0,0.0,97,2.49,0
170,Jagung,3.23,18.29,0,0.0,94
171,Ayam Petelur,0.0,0.0,471,2.41,150
172,Kedelai,4.96,18.46,0,0.0,119
173,Kedelai,0.95,5.27,0,0.0,120
174,Kedelai,0.87,3.01,0,0.0,115
175,Padi,2.34,12.3,0,0.0,110
176,Padi,1.8,6.54,0,0.0,109
177,Padi,4.66,26.34,0,0.0,120
178,Kambing,0.0,0.0,445,33.4,0
179,Padi,4.59,26.65,0,0.0,84
180,Jagung,3.18,18.43,0,0.0,98
181,Jagung,3.6,19.08,0,0.0,97
182,Ayam Petelur,0.0,0.0,458,1.58,150
183,Jagung,3.81,18.73,0,0.0,81
184,Kedelai,4.26,20.45,0,0.0,81
185,Ayam Pedaging,0.0,0.0,600,1.54,0
186,Ayam Petelur,0.0,0.0,541,2.15,150
187,Kambing,0.0,0.0,609,43.1,0
188,Sapi,0.0,0.0,491,402.2,0
189,Kedelai,0.97,3.05,0,0.0,106
190,Ayam Pedaging,0.0,0.0,688,2.45,0
191,Sapi,0.0,0.0,475,363.2,0
192,Padi,4.87,20.05,0,0.0,112
193,Sapi,0.0,0.0,683,480.4,0
194,Padi,1.34,5.29,0,0.0,111
195,Sapi,0.0,0.0,218,390.1,0
196,Jagung,2.47,13.07,0,0.0,87
197,Kedelai,3.24,11.2,0,0.0,90
198,Padi,2.99,8.59,0,0.0,87
199,Padi,3.41,10.63,0,0.0,98
200,Ayam Pedaging,0.0,0.0,435,2.33,0
201,Kambing,0.0,0.0,477,46.5,0
202,Kedelai,2.79,16.79,0,0.0,84
203,Jagung,2.03,11.47,0,0.0,97
204,Ayam Pedaging,0.0,0.0,753,1.8,0
205,Ayam Petelur,0.0,0.0,896,1.65,150
206,Ayam Pedaging,0.0,0.0,350,2.05,0
207,Ayam Petelur,0.0,0.0,965,1.82,150
208,Kedelai,1.57,6.33,0,0.0,106
209,Kedelai,2.63,16.18,0,0.0,104
210,Kedelai,4.07,20.79,0,0.0,89
211,Padi,1.07,6.81,0,0.0,101
212,Ayam Petelur,0.0,0.0,112,2.03,150
213,Kedelai,1.15,6.88,0,0.0,89
214,Jagung,2.02,10.65,0,0.0,85
215,Ayam Petelur,0.0,0.0,987,1.82,150
216,Ayam Petelur,0.0,0.0,903,2.04,150
217,Kambing,0.0,0.0,656,50.5,0
218,Padi,3.86,16.35,0,0.0,86
219,Sapi,0.0,0.0,464,375.0,0
220,Padi,0.71,4.04,0,0.0,98
221,Jagung,1.16,5.36,0,0.0,116
222,Kambing,0.0,0.0,184,35.3,0
223,Ayam Petelur,0.0,0.0,644,2.18,150
224,Kedelai,1.14,4.95,0,0.0,96
225,Kedelai,0.54,3.09,0,0.0,98
226,Kambing,0.0,0.0,85,43.3,0
227,Kedelai,1.85,11.74,0,0.0,96
228,Jagung,1.4,5.65,0,0.0,110
229,Jagung,3.07,14.73,0,0.0,98
230,Kedelai,2.28,5.77,0,0.0,83
231,Ayam Petelur,0.0,0.0,862,2.4,150
232,Padi,3.23,12.63,0,0.0,120
233,Jagung,3.55,19.11,0,0.0,88
234,Sapi,0.0,0.0,326,468.3,0
235,Jagung,3.8,10.87,0,0.0,98
236,Jagung,1.29,3.91,0,0.0,114
237,Ayam Pedaging,0.0,0.0,553,2.0,0
238,Padi,1.66,9.63,0,0.0,110
239,Ayam Pedaging,0.0,0.0,774,2.37,0
240,Ayam Petelur,0.0,0.0,996,1.58,150
241,Kambing,0.0,0.0,890,50.3,0
242,Ayam Petelur,0.0,0.0,1000,2.35,150
243,Sapi,0.0,0.0,819,409.2,0
244,Padi,2.55,13.24,0,0.0,96
245,Ayam Pedaging,0.0,0.0,120,2.17,0
246,Kedelai,4.48,21.26,0,0.0,119
247,Padi,3.36,14.64,0,0.0,99
248,Sapi,0.0,0.0,153,356.8,0
249,Jagung,1.02,3.51,0,0.0,114
250,Jagung,2.17,13.67,0,0.0,114
251,Kedelai,3.77,22.78,0,0.0,86
252,Ayam Petelur,0.0,0.0,971,2.45,150
253,Jagung,1.48,6.33,0,0.0,95
254,Sapi,0.0,0.0,712,405.1,0
255,Ayam Pedaging,0.0,0.0,72,1.9,0
256,Padi,4.77,27.65,0,0.0,85
257,Sapi,0.0,0.0,61,468.0,0
258,Padi,4.04,13.42,0,0.0,115
259,Padi,4.16,14.28,0,0.0,89
260,Sapi,0.0,0.0,293,478.8,0
261,Padi,2.93,16.68,0,0.0,87
262,Sapi,0.0,0.0,144,352.2,0
263,Kambing,0.0,0.0,612,39.7,0
264,Padi,1.07,4.48,0,0.0,87
265,Ayam Petelur,0.0,0.0,469,2.28,150
266,Sapi,0.0,0.0,472,425.6,0
267,Sapi,0.0,0.0,754,467.5,0
268,Ayam Pedaging,0.0,0.0,479,2.14,0
269,Jagung,4.31,18.12,0,0.0,86
270,Jagung,0.83,2.34,0,0.0,118
271,Padi,1.74,8.76,0,0.0,115
272,Ayam Petelur,0.0,0.0,621,2.03,150
273,Kedelai,2.44,13.84,0,0.0,87
274,Kambing,0.0,0.0,450,43.5,0
275,Jagung,4.22,17.28,0,0.0,86
276,Jagung,3.49,13.95,0,0.0,89
277,Ayam Petelur,0.0,0.0,78,1.59,150
278,Jagung,0.93,5.07,0,0.0,88
279,Ayam Pedaging,0.0,0.0,696,1.62,0
280,Kedelai,4.74,19.87,0,0.0,83
281,Ayam Pedaging,0.0,0.0,370,1.6,0
282,Kambing,0.0,0.0,682,44.5,0
283,Ayam Pedaging,0.0,0.0,875,2.06,0
284,Jagung,3.08,17.64,0,0.0,115
285,Sapi,0.0,0.0,633,489.4,0
286,Ayam Pedaging,0.0,0.0,39,1.68,0
287,Ayam Pedaging,0.0,0.0,953,1.84,0
288,Padi,3.05,12.51,0,0.0,89
289,Sapi,0.0,0.0,103,461.9,0
290,Jagung,2.54,7.95,0,0.0,99
291,Sapi,0.0,0.0,914,357.9,0
292,Kedelai,0.72,2.03,0,0.0,108
293,Ayam Petelur,0.0,0.0,631,1.94,150
294,Kedelai,1.01,4.26,0,0.0,98
295,Ayam Petelur,0.0,0.0,549,2.17,150
296,Jagung,4.93,13.41,0,0.0,93
297,Padi,3.95,21.95,0,0.0,98
298,Padi,2.74,11.57,0,0.0,88
299,Kedelai,1.54,7.29,0,0.0,102
300,Kedelai,0.69,1.78,0,0.0,84
301,Ayam Petelur,0.0,0.0,597,1.9,150
302,Ayam Pedaging,0.0,0.0,127,1.91,0
303,Kambing,0.0,0.0,830,58.4,0
304,Kedelai,4.64,13.24,0,0.0,86
305,Kedelai,2.3,6.47,0,0.0,99
306,Kambing,0.0,0.0,351,53.4,0
307,Kedelai,1.01,4.59,0,0.0,102
308,Kedelai,4.17,14.37,0,0.0,89
309,Padi,3.21,17.79,0,0.0,84
310,Kedelai,2.72,15.01,0,0.0,117
311,Kedelai,3.39,21.85,0,0.0,100
312,Ayam Pedaging,0.0,0.0,164,1.94,0
313,Kedelai,1.86,6.69,0,0.0,83
314,Padi,1.9,8.18,0,0.0,83
315,Jagung,0.85,5.06,0,0.0,85
316,Ayam Petelur,0.0,0.0,483,2.08,150
317,Sapi,0.0,0.0,470,486.4,0
318,Kambing,0.0,0.0,339,48.2,0
319,Sapi,0.0,0.0,471,365.5,0
320,Ayam Pedaging,0.0,0.0,741,1.58,0
321,Sapi,0.0,0.0,263,456.1,0
322,Kambing,0.0,0.0,382,41.2,0
323,Jagung,3.99,20.81,0,0.0,83
324,Ayam Pedaging,0.0,0.0,77,1.83,0
325,Ayam Petelur,0.0,0.0,300,1.75,150
326,Kambing,0.0,0.0,351,32.4,0
327,Ayam Pedaging,0.0,0.0,327,2.47,0
328,Ayam Petelur,0.0,0.0,142,2.1,150
329,Ayam Pedaging,0.0,0.0,582,1.88,0
330,Kambing,0.0,0.0,696,51.1,0
331,Sapi,0.0,0.0,671,450.6,0
332,Sapi,0.0,0.0,381,396.3,0
333,Ayam Pedaging,0.0,0.0,980,2.27,0
334,Padi,1.2,4.42,0,0.0,86
335,Sapi,0.0,0.0,687,400.5,0
336,Kambing,0.0,0.0,621,41.3,0
337,Kedelai,3.97,22.77,0,0.0,90
338,Sapi,0.0,0.0,430,404.6,0
339,Ayam Petelur,0.0,0.0,635,1.78,150
340,Ayam Petelur,0.0,0.0,249,2.03,150
341,Jagung,4.57,14.97,0,0.0,116
342,Ayam Petelur,0.0,0.0,797,1.78,150
343,Kedelai,2.38,7.49,0,0.0,92
344,Kambing,0.0,0.0,903,37.5,0
345,Ayam Pedaging,0.0,0.0,577,2.43,0
346,Sapi,0.0,0.0,301,362.6,0
347,Jagung,4.57,14.12,0,0.0,107
348,Padi,4.18,25.24,0,0.0,81
349,Jagung,2.76,9.5,0,0.0,85
350,Padi,1.93,5.59,0,0.0,101
351,Kambing,0.0,0.0,49,38.6,0
352,Kambing,0.0,0.0,787,51.2,0
353,Padi,4.58,11.8,0,0.0,93
354,Ayam Petelur,0.0,0.0,123,2.28,150
355,Padi,0.71,2.97,0,0.0,119
356,Padi,4.27,19.21,0,0.0,114
357,Kedelai,3.09,16.61,0,0.0,98
358,Kedelai,2.09,10.0,0,0.0,91
359,Sapi,0.0,0.0,546,496.2,0
360,Kedelai,2.95,16.65,0,0.0,112
361,Ayam Petelur,0.0,0.0,904,1.97,150
362,Ayam Pedaging,0.0,0.0,269,2.25,0
363,Padi,2.05,11.14,0,0.0,120
364,Kedelai,3.81,14.59,0,0.0,82
365,Jagung,4.16,13.31,0,0.0,109
366,Ayam Petelur,0.0,0.0,656,1.68,150
367,Kedelai,3.99,17.28,0,0.0,98
368,Padi,4.49,16.89,0,0.0,99
369,Ayam Petelur,0.0,0.0,269,1.54,150
370,Ayam Pedaging,0.0,0.0,375,2.36,0
371,Kedelai,1.99,5.97,0,0.0,103
372,Jagung,3.84,23.34,0,0.0,104
373,Padi,2.73,12.26,0,0.0,113
374,Padi,3.77,10.62,0,0.0,118
375,Kambing,0.0,0.0,568,38.8,0
376,Jagung,3.47,12.93,0,0.0,118
377,Kambing,0.0,0.0,716,43.3,0
378,Kedelai,4.42,17.28,0,0.0,107
379,Padi,0.84,4.24,0,0.0,103
380,Kambing,0.0,0.0,985,30.9,0
381,Ayam Petelur,0.0,0.0,45,1.63,150
382,Kedelai,2.15,8.67,0,0.0,116
383,Padi,3.56,22.41,0,0.0,103
384,Padi,3.08,14.22,0,0.0,105
385,Jagung,1.62,4.79,0,0.0,91
386,Jagung,4.61,13.7,0,0.0,96
387,Kambing,0.0,0.0,636,38.6,0
388,Ayam Petelur,0.0,0.0,214,1.62,150
389,Ayam Petelur,0.0,0.0,186,2.4,150
390,Padi,4.15,26.44,0,0.0,100
391,Sapi,0.0,0.0,573,431.3,0
392,Kambing,0.0,0.0,738,51.3,0
393,Kambing,0.0,0.0,822,40.8,0
394,Padi,4.06,13.99,0,0.0,111
395,Kedelai,3.08,13.46,0,0.0,115
396,Padi,0.8,3.27,0,0.0,110
397,Ayam Petelur,0.0,0.0,853,2.07,150
398,Jagung,3.39,14.58,0,0.0,113
399,Kedelai,3.38,10.91,0,0.0,88
400,Padi,4.24,19.39,0,0.0,99
401,Jagung,4.71,16.02,0,0.0,113
402,Sapi,0.0,0.0,266,379.4,0
403,Ayam Pedaging,0.0,0.0,138,2.13,0
404,Sapi,0.0,0.0,524,446.1,0
405,Kambing,0.0,0.0,185,49.8,0
406,Ayam Pedaging,0.0,0.0,872,2.42,0
407,Padi,0.87,5.48,0,0.0,116
408,Padi,3.95,16.46,0,0.0,120
409,Kedelai,2.96,15.0,0,0.0,99
410,Kedelai,2.33,10.05,0,0.0,83
411,Jagung,2.68,8.89,0,0.0,118
412,Kedelai,1.94,12.52,0,0.0,102
413,Kambing,0.0,0.0,788,41.1,0
414,Ayam Pedaging,0.0,0.0,257,1.97,0
415,Padi,1.13,3.05,0,0.0,104
416,Ayam Petelur,0.0,0.0,264,2.46,150
417,Ayam Pedaging,0.0,0.0,966,2.08,0
418,Padi,2.74,12.49,0,0.0,111
419,Ayam Petelur,0.0,0.0,33,1.59,150
420,Jagung,4.85,16.3,0,0.0,102
421,Jagung,2.73,16.46,0,0.0,110
422,Padi,4.31,18.2,0,0.0,96
423,Ayam Petelur,0.0,0.0,384,1.55,150
424,Kedelai,1.38,6.5,0,0.0,84
425,Jagung,3.94,14.26,0,0.0,119
426,Sapi,0.0,0.0,141,496.3,0
427,Jagung,3.01,11.93,0,0.0,89
428,Kedelai,2.31,6.15,0,0.0,82
429,Jagung,4.12,18.86,0,0.0,89
430,Kambing,0.0,0.0,345,57.9,0
431,Jagung,4.96,27.07,0,0.0,99
432,Ayam Petelur,0.0,0.0,735,2.06,150
433,Padi,2.16,11.22,0,0.0,106
434,Sapi,0.0,0.0,621,421.2,0
435,Kambing,0.0,0.0,748,31.5,0
436,Kedelai,3.33,16.58,0,0.0,104
437,Kedelai,1.59,7.62,0,0.0,87
438,Jagung,1.91,5.93,0,0.0,93
439,Kedelai,4.64,27.8,0,0.0,83
440,Kambing,0.0,0.0,584,39.8,0
441,Ayam Petelur,0.0,0.0,331,2.46,150
442,Kedelai,2.04,7.99,0,0.0,96
443,Kambing,0.0,0.0,990,37.4,0
444,Kambing,0.0,0.0,974,59.2,0
445,Jagung,3.67,19.31,0,0.0,111
446,Jagung,3.02,18.84,0,0.0,97
447,Kedelai,3.54,14.23,0,0.0,105
448,Kambing,0.0,0.0,307,31.3,0
449,Sapi,0.0,0.0,364,488.6,0
450,Ayam Petelur,0.0,0.0,229,1.7,150
451,Ayam Pedaging,0.0,0.0,150,1.61,0
452,Kambing,0.0,0.0,258,31.5,0
453,Kambing,0.0,0.0,663,37.0,0
454,Jagung,3.73,10.83,0,0.0,88
455,Kedelai,4.9,15.35,0,0.0,110
456,Padi,3.9,14.23,0,0.0,98
457,Sapi,0.0,0.0,677,436.1,0
458,Sapi,0.0,0.0,945,488.2,0
459,Padi,4.7,12.43,0,0.0,105
460,Kambing,0.0,0.0,969,52.5,0
461,Ayam Pedaging,0.0,0.0,907,1.54,0
462,Kedelai,0.98,6.3,0,0.0,98
463,Kedelai,2.94,13.16,0,0.0,88
464,Ayam Petelur,0.0,0.0,289,1.69,150
465,Padi,3.79,19.3,0,0.0,91
466,Jagung,4.06,19.37,0,0.0,92
467,Kedelai,4.54,26.37,0,0.0,112
468,Jagung,3.51,11.37,0,0.0,88
469,Padi,0.53,2.14,0,0.0,108
470,Ayam Pedaging,0.0,0.0,319,2.08,0
471,Ayam Pedaging,0.0,0.0,679,1.86,0
472,Kedelai,1.03,3.84,0,0.0,105
473,Ayam Pedaging,0.0,0.0,716,1.62,0
474,Ayam Pedaging,0.0,0.0,386,2.11,0
475,Padi,2.65,11.45,0,0.0,118
476,Kedelai,2.97,13.02,0,0.0,114
477,Kambing,0.0,0.0,790,37.4,0
478,Sapi,0.0,0.0,548,417.0,0
479,Sapi,0.0,0.0,949,434.6,0
480,Kedelai,4.56,15.09,0,0.0,114
481,Jagung,4.35,18.56,0,0.0,93
482,Ayam Petelur,0.0,0.0,103,2.4,150
483,Padi,2.54,11.56,0,0.0,109
484,Ayam Petelur,0.0,0.0,698,2.31,150
485,Ayam Petelur,0.0,0.0,270,2.32,150
486,Sapi,0.0,0.0,56,413.6,0
487,Sapi,0.0,0.0,967,484.1,0
488,Ayam Petelur,0.0,0.0,42,1.79,150
489,Padi,3.95,25.33,0,0.0,106
490,Jagung,2.52,15.54,0,0.0,104
491,Kedelai,4.84,29.03,0,0.0,88
492,Ayam Pedaging,0.0,0.0,131,1.68,0
493,Kambing,0.0,0.0,755,59.4,0
494,Sapi,0.0,0.0,315,419.5,0
495,Ayam Petelur,0.0,0.0,554,1.88,150
496,Jagung,2.06,7.42,0,0.0,87
497,Kedelai,2.39,13.3,0,0.0,81
498,Padi,0.95,2.5,0,0.0,118
499,Sapi,0.0,0.0,260,461.1,0
500,Padi,2.93,16.17,0,0.0,83
501,Jagung,1.55,9.56,0,0.0,116
502,Kedelai,3.98,22.98,0,0.0,95
503,Padi,4.94,22.65,0,0.0,106
504,Padi,3.01,14.65,0,0.0,91
505,Ayam Petelur,0.0,0.0,579,2.0,150
506,Ayam Petelur,0.0,0.0,814,2.02,150
507,Ayam Petelur,0.0,0.0,162,1.8,150
508,Kedelai,2.63,15.51,0,0.0,99
509,Kambing,0.0,0.0,835,43.9,0
510,Jagung,4.86,22.98,0,0.0,88
511,Jagung,1.42,7.22,0,0.0,108
512,Sapi,0.0,0.0,558,458.7,0
513,Jagung,2.2,10.82,0,0.0,82
514,Kambing,0.0,0.0,833,52.9,0
515,Kambing,0.0,0.0,500,36.3,0
516,Ayam Pedaging,0.0,0.0,989,2.41,0
517,Padi,4.83,14.34,0,0.0,110
518,Kambing,0.0,0.0,416,57.5,0
519,Ayam Pedaging,0.0,0.0,399,1.97,0
520,Ayam Pedaging,0.0,0.0,277,1.86,0
521,Ayam Petelur,0.0,0.0,110,2.3,150
522,Ayam Pedaging,0.0,0.0,946,1.7,0
523,Padi,3.03,10.26,0,0.0,89
524,Kedelai,4.71,22.69,0,0.0,106
525,Padi,1.98,7.96,0,0.0,95
526,Kedelai,4.75,18.29,0,0.0,111
527,Ayam Petelur,0.0,0.0,481,1.67,150
528,Kambing,0.0,0.0,153,51.6,0
529,Kedelai,4.96,31.39,0,0.0,113
530,Padi,4.75,24.57,0,0.0,80
531,Kedelai,1.54,8.21,0,0.0,80
532,Jagung,2.18,10.84,0,0.0,119
533,Ayam Petelur,0.0,0.0,26,1.51,150
534,Sapi,0.0,0.0,27,429.4,0
535,Jagung,0.58,3.34,0,0.0,107
536,Kambing,0.0,0.0,119,57.5,0
537,Kambing,0.0,0.0,206,48.6,0
538,Jagung,1.7,6.95,0,0.0,103
539,Ayam Petelur,0.0,0.0,588,1.74,150
540,Ayam Pedaging,0.0,0.0,710,2.33,0
541,Kedelai,3.92,11.27,0,0.0,104
542,Jagung,0.75,1.9,0,0.0,90
543,Jagung,3.4,13.01,0,0.0,86
544,Sapi,0.0,0.0,245,381.7,0
545,Ayam Petelur,0.0,0.0,287,1.55,150
546,Jagung,4.55,21.63,0,0.0,82
547,Jagung,0.57,1.9,0,0.0,89
548,Ayam Petelur,0.0,0.0,961,1.58,150
549,Padi,3.05,17.99,0,0.0,114
550,Kedelai,1.13,7.29,0,0.0,85
551,Ayam Pedaging,0.0,0.0,64,1.6,0
552,Padi,2.03,11.32,0,0.0,118
553,Jagung,0.63,2.26,0,0.0,108
554,Jagung,2.99,11.97,0,0.0,91
555,Ayam Petelur,0.0,0.0,97,2.27,150
556,Padi,3.71,10.49,0,0.0,89
557,Kedelai,1.19,4.83,0,0.0,103
558,Padi,4.74,20.28,0,0.0,97
559,Padi,1.34,5.76,0,0.0,115
560,Sapi,0.0,0.0,36,363.4,0
561,Ayam Pedaging,0.0,0.0,894,1.89,0
562,Jagung,4.01,21.65,0,0.0,115
563,Kambing,0.0,0.0,595,45.6,0
564,Kambing,0.0,0.0,152,38.1,0
565,Padi,0.78,3.31,0,0.0,106
566,Padi,2.13,13.37,0,0.0,120
567,Kedelai,1.38,4.04,0,0.0,99
568,Jagung,1.99,9.91,0,0.0,101
569,Jagung,4.17,24.76,0,0.0,118
570,Jagung,3.21,16.95,0,0.0,110
571,Jagung,4.86,17.82,0,0.0,120
572,Kedelai,4.02,15.29,0,0.0,97
573,Ayam Petelur,0.0,0.0,383,1.61,150
574,Kambing,0.0,0.0,708,53.0,0
575,Kedelai,2.58,13.76,0,0.0,108
576,Sapi,0.0,0.0,848,477.2,0
577,Ayam Petelur,0.0,0.0,152,2.13,150
578,Kedelai,1.19,4.99,0,0.0,104
579,Kedelai,2.66,10.91,0,0.0,112
580,Ayam Petelur,0.0,0.0,566,1.54,150
581,Sapi,0.0,0.0,121,465.3,0
582,Ayam Pedaging,0.0,0.0,180,2.15,0
583,Kedelai,3.55,14.55,0,0.0,101
584,Ayam Petelur,0.0,0.0,118,1.51,150
585,Kedelai,3.86,18.27,0,0.0,116
586,Jagung,2.26,12.63,0,0.0,117
587,Kambing,0.0,0.0,363,59.9,0
588,Jagung,2.37,15.04,0,0.0,87
589,Kambing,0.0,0.0,366,39.4,0
590,Padi,2.85,11.1,0,0.0,86
591,Kedelai,2.54,7.03,0,0.0,82
592,Sapi,0.0,0.0,33,477.4,0
593,Kambing,0.0,0.0,962,59.5,0
594,Padi,2.98,11.4,0,0.0,107
595,Kambing,0.0,0.0,826,42.2,0
596,Kedelai,3.46,14.12,0,0.0,119
597,Ayam Petelur,0.0,0.0,616,1.93,150
598,Padi,1.43,7.88,0,0.0,84
599,Kambing,0.0,0.0,384,39.8,0
600,Jagung,3.52,15.69,0,0.0,120
601,Jagung,3.25,15.76,0,0.0,102
602,Jagung,3.28,18.88,0,0.0,99
603,Sapi,0.0,0.0,698,370.1,0
604,Jagung,1.03,4.11,0,0.0,89
605,Ayam Petelur,0.0,0.0,620,1.64,150
606,Padi,2.69,12.51,0,0.0,91
607,Ayam Petelur,0.0,0.0,305,1.64,150
608,Jagung,3.29,19.62,0,0.0,80
609,Padi,4.17,26.5,0,0.0,112
610,Ayam Petelur,0.0,0.0,711,1.99,150
611,Ayam Petelur,0.0,0.0,510,1.67,150
612,Kambing,0.0,0.0,309,31.0,0
613,Jagung,1.26,5.45,0,0.0,111
614,Sapi,0.0,0.0,596,367.1,0
615,Ayam Pedaging,0.0,0.0,565,2.32,0
616,Kedelai,2.49,8.4,0,0.0,107
617,Kedelai,3.88,14.32,0,0.0,82
618,Jagung,4.38,12.47,0,0.0,87
619,Kambing,0.0,0.0,224,54.3,0
620,Ayam Pedaging,0.0,0.0,891,2.21,0
621,Kambing,0.0,0.0,640,34.2,0
622,Padi,4.12,19.69,0,0.0,114
623,Kedelai,1.26,8.08,0,0.0,98
624,Jagung,4.79,21.83,0,0.0,86
625,Jagung,4.63,29.96,0,0.0,88
626,Kambing,0.0,0.0,265,34.4,0
627,Padi,3.93,20.46,0,0.0,111
628,Kedelai,1.71,7.11,0,0.0,108
629,Padi,2.31,12.7,0,0.0,103
630,Jagung,1.97,4.94,0,0.0,85
631,Ayam Petelur,0.0,0.0,660,2.16,150
632,Padi,4.08,16.69,0,0.0,107
633,Ayam Petelur,0.0,0.0,284,1.82,150
634,Kedelai,3.1,14.77,0,0.0,111
635,Sapi,0.0,0.0,57,364.9,0
636,Ayam Petelur,0.0,0.0,26,1.62,150
637,Ayam Petelur,0.0,0.0,477,1.5,150
638,Kambing,0.0,0.0,715,57.3,0
639,Ayam Pedaging,0.0,0.0,172,2.37,0
640,Sapi,0.0,0.0,680,404.1,0
641,Kedelai,4.57,14.45,0,0.0,105
642,Kambing,0.0,0.0,449,49.7,0
643,Sapi,0.0,0.0,228,421.5,0
644,Padi,2.84,12.16,0,0.0,80
645,Sapi,0.0,0.0,890,413.3,0
646,Padi,1.53,4.37,0,0.0,86
647,Jagung,4.46,13.6,0,0.0,88
648,Kambing,0.0,0.0,80,45.9,0
649,Kedelai,1.24,4.84,0,0.0,93
650,Kambing,0.0,0.0,951,42.4,0
651,Kambing,0.0,0.0,98,56.9,0
652,Padi,3.15,12.71,0,0.0,107
653,Padi,1.62,8.23,0,0.0,95
654,Ayam Pedaging,0.0,0.0,807,2.44,0
655,Kedelai,4.44,14.75,0,0.0,118
656,Ayam Petelur,0.0,0.0,312,2.15,150
657,Kambing,0.0,0.0,516,41.6,0
658,Kedelai,3.17,14.62,0,0.0,80
659,Ayam Pedaging,0.0,0.0,145,1.89,0
660,Ayam Petelur,0.0,0.0,384,2.05,150
661,Jagung,4.8,26.79,0,0.0,81
662,Sapi,0.0,0.0,278,382.4,0
663,Ayam Petelur,0.0,0.0,528,1.79,150
664,Ayam Petelur,0.0,0.0,443,2.2,150
665,Kedelai,2.92,9.08,0,0.0,85
666,Kedelai,4.64,29.68,0,0.0,89
667,Ayam Petelur,0.0,0.0,610,2.13,150
668,Sapi,0.0,0.0,327,454.8,0
669,Kambing,0.0,0.0,69,37.3,0
670,Sapi,0.0,0.0,474,441.8,0
671,Kedelai,3.84,20.98,0,0.0,87
672,Padi,3.66,11.55,0,0.0,102
673,Ayam Pedaging,0.0,0.0,180,1.87,0
674,Ayam Pedaging,0.0,0.0,760,2.39,0
675,Sapi,0.0,0.0,353,471.1,0
676,Padi,1.68,10.75,0,0.0,120
677,Jagung,2.8,7.62,0,0.0,116
678,Padi,1.65,4.8,0,0.0,116
679,Sapi,0.0,0.0,243,461.1,0
680,Padi,1.6,7.02,0,0.0,104
681,Kambing,0.0,0.0,963,58.8,0
682,Kedelai,3.83,16.0,0,0.0,100
683,Kedelai,1.94,11.26,0,0.0,116
684,Kedelai,3.53,9.57,0,0.0,94
685,Sapi,0.0,0.0,986,410.1,0
686,Ayam Pedaging,0.0,0.0,802,2.34,0
687,Kedelai,2.56,10.18,0,0.0,98
688,Ayam Pedaging,0.0,0.0,767,2.12,0
689,Kedelai,4.87,31.61,0,0.0,92
690,Kambing,0.0,0.0,164,30.2,0
691,Padi,2.94,14.83,0,0.0,80
692,Sapi,0.0,0.0,787,448.6,0
693,Ayam Pedaging,0.0,0.0,116,1.71,0
694,Ayam Petelur,0.0,0.0,513,2.46,150
695,Kambing,0.0,0.0,738,38.4,0
696,Padi,4.54,20.79,0,0.0,103
697,Kedelai,0.88,2.54,0,0.0,88
698,Ayam Petelur,0.0,0.0,86,2.09,150
699,Kedelai,4.84,16.68,0,0.0,96
700,Ayam Petelur,0.0,0.0,727,2.33,150
701,Jagung,1.72,4.81,0,0.0,92
702,Kedelai,0.99,2.89,0,0.0,108
703,Jagung,1.04,4.09,0,0.0,93
704,Jagung,1.69,5.04,0,0.0,90
705,Ayam Pedaging,0.0,0.0,856,2.2,0
706,Kambing,0.0,0.0,865,55.7,0
707,Kedelai,1.62,6.36,0,0.0,112
708,Jagung,1.67,10.79,0,0.0,81
709,Ayam Petelur,0.0,0.0,579,2.25,150
710,Jagung,0.96,5.45,0,0.0,87
711,Padi,1.09,6.32,0,0.0,103
712,Sapi,0.0,0.0,606,437.9,0
713,Sapi,0.0,0.0,32,499.6,0
714,Kedelai,2.5,7.54,0,0.0,101
715,Jagung,0.73,4.52,0,0.0,107
716,Ayam Petelur,0.0,0.0,518,1.53,150
717,Kambing,0.0,0.0,372,36.4,0
718,Jagung,2.51,7.77,0,0.0,119
719,Kambing,0.0,0.0,672,38.9,0
720,Kedelai,2.66,7.58,0,0.0,104
721,Padi,3.39,19.29,0,0.0,95
722,Sapi,0.0,0.0,401,467.3,0
723,Kedelai,4.02,15.58,0,0.0,116
724,Ayam Petelur,0.0,0.0,286,1.68,150
725,Padi,0.63,3.62,0,0.0,97
726,Jagung,2.88,16.03,0,0.0,94
727,Sapi,0.0,0.0,263,448.5,0
728,Kedelai,0.75,4.86,0,0.0,94
729,Ayam Petelur,0.0,0.0,373,2.44,150
730,Kambing,0.0,0.0,190,37.1,0
731,Kedelai,3.64,22.41,0,0.0,81
732,Ayam Pedaging,0.0,0.0,980,2.07,0
733,Padi,4.27,24.52,0,0.0,111
734,Kambing,0.0,0.0,512,31.1,0
735,Kedelai,1.48,6.82,0,0.0,80
736,Kedelai,1.41,4.26,0,0.0,91
737,Ayam Pedaging,0.0,0.0,70,1.52,0
738,Kambing,0.0,0.0,802,33.3,0
739,Ayam Pedaging,0.0,0.0,993,1.57,0
740,Ayam Petelur,0.0,0.0,610,1.6,150
741,Padi,4.89,26.55,0,0.0,107
742,Ayam Petelur,0.0,0.0,674,1.82,150
743,Ayam Pedaging,0.0,0.0,238,2.17,0
744,Ayam Petelur,0.0,0.0,324,2.23,150
745,Padi,3.78,23.8,0,0.0,116
746,Kedelai,0.65,3.19,0,0.0,119
747,Kedelai,0.97,4.35,0,0.0,101
748,Kambing,0.0,0.0,365,59.5,0
749,Padi,4.2,21.76,0,0.0,101
750,Jagung,1.44,7.59,0,0.0,102
751,Padi,3.74,10.07,0,0.0,108
752,Kambing,0.0,0.0,915,42.4,0
753,Ayam Pedaging,0.0,0.0,569,1.88,0
754,Kambing,0.0,0.0,176,43.5,0
755,Sapi,0.0,0.0,311,353.0,0
756,Padi,0.83,2.64,0,0.0,104
757,Padi,2.96,18.03,0,0.0,85
758,Kedelai,4.52,24.04,0,0.0,107
759,Kambing,0.0,0.0,631,56.7,0
760,Padi,1.99,12.73,0,0.0,106
761,Ayam Pedaging,0.0,0.0,686,1.78,0
762,Padi,2.27,10.67,0,0.0,111
763,Jagung,0.52,1.48,0,0.0,120
764,Kambing,0.0,0.0,109,30.8,0
765,Jagung,4.9,21.53,0,0.0,87
766,Jagung,2.62,15.93,0,0.0,96
767,Kedelai,2.24,8.92,0,0.0,104
768,Jagung,0.7,2.98,0,0.0,96
769,Jagung,3.04,9.44,0,0.0,86
770,Jagung,4.14,17.21,0,0.0,117
771,Padi,4.28,24.71,0,0.0,106
772,Ayam Petelur,0.0,0.0,596,2.38,150
773,Padi,2.28,13.49,0,0.0,82
774,Kambing,0.0,0.0,133,58.5,0
775,Padi,4.87,27.92,0,0.0,88
776,Padi,4.95,21.0,0,0.0,120
777,Kedelai,1.66,10.2,0,0.0,84
778,Kedelai,2.29,8.71,0,0.0,97
779,Sapi,0.0,0.0,815,455.1,0
780,Ayam Petelur,0.0,0.0,125,1.91,150
781,Kedelai,3.12,19.84,0,0.0,86
782,Sapi,0.0,0.0,814,392.9,0
783,Ayam Pedaging,0.0,0.0,908,1.91,0
784,Jagung,3.07,13.48,0,0.0,91
785,Padi,3.28,17.13,0,0.0,105
786,Jagung,3.61,9.74,0,0.0,110
787,Ayam Pedaging,0.0,0.0,30,1.84,0
788,Ayam Pedaging,0.0,0.0,297,2.34,0
789,Sapi,0.0,0.0,899,384.2,0
790,Kedelai,2.49,14.45,0,0.0,97
791,Sapi,0.0,0.0,202,416.3,0
792,Ayam Petelur,0.0,0.0,768,1.98,150
793,Ayam Pedaging,0.0,0.0,850,1.56,0
794,Sapi,0.0,0.0,328,456.4,0
795,Kedelai,4.46,11.67,0,0.0,92
796,Kambing,0.0,0.0,867,31.7,0
797,Padi,4.63,24.62,0,0.0,97
798,Jagung,2.77,13.97,0,0.0,87
799,Kambing,0.0,0.0,391,44.7,0
800,Jagung,3.14,12.24,0,0.0,90
801,Ayam Pedaging,0.0,0.0,776,2.33,0
802,Padi,2.24,7.06,0,0.0,116
803,Kambing,0.0,0.0,887,36.6,0
804,Padi,1.71,7.08,0,0.0,81
805,Sapi,0.0,0.0,495,486.7,0
806,Sapi,0.0,0.0,239,387.9,0
807,Ayam Pedaging,0.0,0.0,739,2.47,0
808,Ayam Petelur,0.0,0.0,926,1.88,150
809,Jagung,1.48,5.49,0,0.0,113
810,Ayam Petelur,0.0,0.0,608,1.6,150
811,Ayam Pedaging,0.0,0.0,584,2.15,0
812,Ayam Pedaging,0.0,0.0,710,1.61,0
813,Jagung,3.38,20.1,0,0.0,96
814,Ayam Pedaging,0.0,0.0,202,1.65,0
815,Sapi,0.0,0.0,834,478.6,0
816,Ayam Petelur,0.0,0.0,686,1.82,150
817,Padi,3.45,22.39,0,0.0,96
818,Ayam Petelur,0.0,0.0,407,2.24,150
819,Kambing,0.0,0.0,361,51.8,0
820,Kedelai,3.37,14.84,0,0.0,102
821,Kambing,0.0,0.0,870,49.7,0
822,Ayam Pedaging,0.0,0.0,109,1.97,0
823,Kambing,0.0,0.0,979,50.4,0
824,Padi,1.5,5.09,0,0.0,99
825,Jagung,2.17,10.51,0,0.0,109
826,Ayam Petelur,0.0,0.0,64,2.37,150
827,Sapi,0.0,0.0,493,483.4,0
828,Ayam Petelur,0.0,0.0,552,1.8,150
829,Padi,1.12,3.7,0,0.0,106
830,Ayam Petelur,0.0,0.0,156,1.82,150
831,Sapi,0.0,0.0,509,399.9,0
832,Ayam Pedaging,0.0,0.0,659,1.56,0
833,Padi,3.93,12.48,0,0.0,90
834,Padi,1.08,4.57,0,0.0,107
835,Jagung,2.22,5.89,0,0.0,92
836,Sapi,0.0,0.0,923,398.3,0
837,Kambing,0.0,0.0,28,50.3,0
838,Kambing,0.0,0.0,241,50.8,0
839,Padi,0.96,4.33,0,0.0,99
840,Padi,1.84,6.74,0,0.0,113
841,Ayam Pedaging,0.0,0.0,454,2.39,0
842,Ayam Pedaging,0.0,0.0,933,1.99,0
843,Kambing,0.0,0.0,980,57.2,0
844,Sapi,0.0,0.0,243,383.6,0
845,Kambing,0.0,0.0,761,30.7,0
846,Sapi,0.0,0.0,385,456.7,0
847,Ayam Petelur,0.0,0.0,907,2.14,150
848,Sapi,0.0,0.0,618,499.2,0
849,Sapi,0.0,0.0,59,453.5,0
850,Jagung,1.06,3.72,0,0.0,89
851,Kedelai,3.34,12.37,0,0.0,86
852,Ayam Pedaging,0.0,0.0,647,2.11,0
853,Padi,2.8,13.92,0,0.0,98
854,Padi,2.74,13.52,0,0.0,96
855,Kambing,0.0,0.0,376,51.1,0
856,Padi,2.97,18.24,0,0.0,110
857,Padi,0.56,1.6,0,0.0,87
858,Ayam Petelur,0.0,0.0,162,2.45,150
859,Sapi,0.0,0.0,750,458.5,0
860,Kambing,0.0,0.0,477,59.7,0
861,Jagung,0.73,4.2,0,0.0,82
862,Ayam Pedaging,0.0,0.0,830,2.18,0
863,Padi,0.93,5.15,0,0.0,82
864,Padi,3.49,11.11,0,0.0,102
865,Ayam Pedaging,0.0,0.0,909,2.23,0
866,Jagung,1.32,5.42,0,0.0,109
867,Jagung,3.6,15.89,0,0.0,106
868,Kambing,0.0,0.0,125,34.0,0
869,Kambing,0.0,0.0,116,42.5,0
870,Ayam Petelur,0.0,0.0,195,2.11,150
871,Sapi,0.0,0.0,893,452.7,0
872,Kambing,0.0,0.0,504,57.6,0
873,Jagung,2.48,6.83,0,0.0,100
874,Kedelai,2.86,15.66,0,0.0,116
875,Kedelai,4.43,20.27,0,0.0,119
876,Kedelai,3.77,16.69,0,0.0,104
877,Kedelai,4.51,22.33,0,0.0,80
878,Kambing,0.0,0.0,527,55.5,0
879,Kambing,0.0,0.0,86,52.5,0
880,Jagung,4.87,13.16,0,0.0,94
881,Ayam Petelur,0.0,0.0,422,2.32,150
882,Jagung,4.11,17.64,0,0.0,111
883,Padi,4.91,26.91,0,0.0,81
884,Jagung,0.66,3.1,0,0.0,85
885,Ayam Pedaging,0.0,0.0,921,2.01,0
886,Kedelai,2.55,9.85,0,0.0,83
887,Ayam Petelur,0.0,0.0,349,2.06,150
888,Ayam Petelur,0.0,0.0,743,2.16,150
889,Sapi,0.0,0.0,109,463.9,0
890,Jagung,2.1,10.57,0,0.0,98
891,Ayam Pedaging,0.0,0.0,728,1.61,0
892,Ayam Petelur,0.0,0.0,153,2.32,150
893,Ayam Petelur,0.0,0.0,119,1.75,150
894,Padi,4.69,19.1,0,0.0,109
895,Kambing,0.0,0.0,743,40.1,0
896,Sapi,0.0,0.0,958,445.0,0
897,Sapi,0.0,0.0,800,483.8,0
898,Kedelai,4.8,14.59,0,0.0,111
899,Kedelai,0.72,4.49,0,0.0,117
900,Kedelai,4.01,24.62,0,0.0,117
901,Padi,0.97,4.98,0,0.0,118
902,Ayam Petelur,0.0,0.0,438,2.48,150
903,Kambing,0.0,0.0,290,41.9,0
904,Jagung,2.54,7.71,0,0.0,106
905,Ayam Pedaging,0.0,0.0,873,2.2,0
906,Kambing,0.0,0.0,215,36.3,0
907,Ayam Pedaging,0.0,0.0,953,2.17,0
908,Kambing,0.0,0.0,525,46.3,0
909,Sapi,0.0,0.0,789,402.8,0
910,Kedelai,4.74,25.31,0,0.0,114
911,Jagung,4.14,19.01,0,0.0,81
912,Padi,3.52,11.61,0,0.0,90
913,Ayam Pedaging,0.0,0.0,159,2.34,0
914,Ayam Pedaging,0.0,0.0,218,2.25,0
915,Jagung,0.96,5.73,0,0.0,115
916,Ayam Petelur,0.0,0.0,253,2.01,150
917,Ayam Pedaging,0.0,0.0,719,2.16,0
918,Ayam Petelur,0.0,0.0,436,2.46,150
919,Ayam Pedaging,0.0,0.0,999,2.05,0
920,Jagung,1.41,8.43,0,0.0,108
921,Ayam Pedaging,0.0,0.0,783,2.09,0
922,Kambing,0.0,0.0,804,51.7,0
923,Jagung,1.3,6.8,0,0.0,91
924,Sapi,0.0,0.0,396,356.1,0
925,Jagung,1.09,5.27,0,0.0,96
926,Jagung,3.69,11.51,0,0.0,89
927,Sapi,0.0,0.0,802,489.9,0
928,Ayam Pedaging,0.0,0.0,512,2.29,0
929,Sapi,0.0,0.0,812,456.2,0
930,Kambing,0.0,0.0,543,32.0,0
931,Ayam Petelur,0.0,0.0,566,2.04,150
932,Padi,4.48,23.09,0,0.0,101
933,Padi,4.78,23.77,0,0.0,110
934,Sapi,0.0,0.0,127,450.3,0
935,Kedelai,3.26,16.25,0,0.0,82
936,Ayam Pedaging,0.0,0.0,400,2.42,0
937,Ayam Petelur,0.0,0.0,272,2.04,150
938,Kedelai,4.2,16.8,0,0.0,112
939,Padi,1.83,9.34,0,0.0,100
940,Sapi,0.0,0.0,181,495.7,0
941,Sapi,0.0,0.0,651,359.8,0
942,Kambing,0.0,0.0,895,50.6,0
943,Kambing,0.0,0.0,560,54.9,0
944,Ayam Petelur,0.0,0.0,672,2.32,150
945,Kedelai,1.19,5.16,0,0.0,101
946,Padi,0.74,4.2,0,0.0,115
947,Padi,4.6,19.0,0,0.0,108
948,Ayam Petelur,0.0,0.0,333,1.52,150
949,Sapi,0.0,0.0,666,458.0,0
950,Kedelai,3.14,16.65,0,0.0,84
951,Kedelai,0.98,5.53,0,0.0,99
952,Ayam Pedaging,0.0,0.0,793,2.43,0
953,Kedelai,0.64,2.0,0,0.0,94
954,Jagung,4.09,24.12,0,0.0,98
955,Kambing,0.0,0.0,315,50.3,0
956,Ayam Pedaging,0.0,0.0,990,2.45,0
957,Kambing,0.0,0.0,136,31.3,0
958,Ayam Petelur,0.0,0.0,560,2.05,150
959,Padi,3.87,23.66,0,0.0,102
960,Kedelai,4.33,13.29,0,0.0,91
961,Jagung,1.37,4.42,0,0.0,116
962,Ayam Petelur,0.0,0.0,670,2.05,150
963,Padi,1.63,5.36,0,0.0,117
964,Jagung,2.11,10.94,0,0.0,95
965,Kedelai,0.81,2.65,0,0.0,111
966,Kedelai,3.47,18.3,0,0.0,89
967,Ayam Pedaging,0.0,0.0,837,1.82,0
968,Padi,1.91,10.78,0,0.0,107
969,Jagung,1.1,5.98,0,0.0,110
970,Jagung,3.99,17.75,0,0.0,86
971,Kedelai,0.87,3.15,0,0.0,88
972,Kambing,0.0,0.0,279,52.0,0
973,Sapi,0.0,0.0,923,352.8,0
974,Sapi,0.0,0.0,842,437.3,0
975,Kedelai,1.46,3.86,0,0.0,96
976,Ayam Petelur,0.0,0.0,679,2.28,150
977,Padi,4.51,21.91,0,0.0,98
978,Kedelai,2.8,11.44,0,0.0,112
979,Padi,4.32,24.74,0,0.0,119
980,Kambing,0.0,0.0,466,34.8,0
981,Kambing,0.0,0.0,763,52.0,0
982,Sapi,0.0,0.0,234,464.2,0
983,Jagung,2.16,5.77,0,0.0,93
984,Ayam Pedaging,0.0,0.0,407,1.97,0
985,Padi,0.68,3.46,0,0.0,86
986,Ayam Pedaging,0.0,0.0,864,2.24,0
987,Kambing,0.0,0.0,395,49.6,0
988,Kedelai,4.54,12.76,0,0.0,96
989,Padi,2.82,11.03,0,0.0,102
990,Jagung,4.49,11.34,0,0.0,88
991,Padi,0.85,4.31,0,0.0,93
992,Padi,2.13,11.44,0,0.0,87
993,Ayam Petelur,0.0,0.0,840,1.83,150
994,Kedelai,2.65,8.86,0,0.0,90
995,Ayam Petelur,0.0,0.0,32,1.74,150
996,Kedelai,1.23,6.17,0,0.0,82
997,Kambing,0.0,0.0,67,35.0,0
998,Ayam Petelur,0.0,0.0,623,2.47,150
999,Ayam Pedaging,0.0,0.0,979,1.59,0
1000,Jagung,4.4,14.0,0,0.0,106
